-0.1296,0.5858,0.7464,-0.0639,0.2383
-0.4308,1.4845,0.5245,0.0052,0.4391
-0.7324,0.9216,-0.3323,0.3367,1.4715
-0.1714,1.3775,0.6642,0.944,-0.0939
-0.0896,2.4754,1.3261,-0.2401,-0.0096
-1.3319,2.7198,0.7285,-0.947,-0.1524
0.1482,1.5877,1.1531,-1.114,1.1783
-0.228,1.013,0.7899,-1.5152,-0.7757
0.147,1.2441,1.306,-1.6565,0.1059
-1.0171,2.6623,0.2779,-0.4498,-0.2909
-0.7086,2.5254,1.1037,-0.3895,0.4474
0.4087,1.8635,-0.811,0.8392,1.3584
1.0905,2.0119,-0.1718,-0.4404,0.1896
-0.6039,0.7359,-1.0084,0.1731,-0.4917
-0.3807,2.0089,0.1481,-1.3549,0.3745
0.5355,2.1044,-0.1069,-1.8239,1.1122
0.8551,1.7229,0.1733,-2.8256,1.6353
0.0973,1.6247,0.659,-0.113,-0.0987
-0.9255,0.3439,-0.1198,-1.106,0.4282
0.5635,1.2039,0.6692,-1.2057,0.7719
-0.004,0.778,-0.5217,2.2405,0.4557
0.3401,1.2747,1.6188,1.6801,-0.5359
-0.0055,2.3973,-0.7291,-2.4188,-1.2645
0.3638,2.2782,0.4288,-1.3452,-0.4592
1.0257,1.4451,0.9131,-0.9979,-1.187
-0.1721,-0.0374,-0.6768,-1.4136,0.5099
0.5103,1.2935,-0.6657,-1.2175,0.0837
-1.2336,0.6272,1.0677,-0.9064,1.0558
-0.3684,2.6435,1.4136,-0.2492,1.3509
-0.983,1.8789,-0.1444,-0.4577,2.8801
-0.6672,1.8461,-0.4032,-1.0995,1.7367
-0.3554,3.3876,-0.7182,-0.685,-0.8299
0.2944,2.8957,0.5822,0.3793,-1.8764
0.5503,2.2166,-0.7383,0.1731,-0.6523
0.6259,2.632,-0.1981,-0.5563,-0.1978
-0.4862,1.4173,-0.2433,-0.3615,-0.0875
-0.7551,0.6746,0.9807,-2.2988,-0.7517
-2.0251,1.0848,0.1498,-0.6849,2.0354
-0.2871,0.5211,-0.7081,-0.1849,-0.3637
-1.7148,-0.3362,-1.1698,-0.223,0.432
-0.2711,0.7591,-0.1857,-1.4053,0.3144
0.1914,1.0961,-0.2028,0.268,0.3512
-0.4043,2.1118,0.0125,-0.1173,-0.2235
-0.6563,0.8649,-0.6775,-0.5141,0.0577
0.402,-0.3822,-0.423,1.726,1.4989
-1.6336,0.0753,1.1831,0.8924,-0.1927
-0.3483,1.8393,0.0261,0.4296,-0.1655
-0.715,0.463,-0.2333,-2.0036,-0.8421
0.2561,1.2222,0.1983,-0.5264,-0.0749
1.3492,1.1891,-0.1843,-1.9547,1.2783
0.3235,-0.6479,-1.6508,-1.4374,1.3519
0.1001,0.3454,0.0789,-1.7386,1.3392
0.0204,-0.2502,0.7977,-1.844,0.7826
0.2744,-0.3426,-1.066,-0.0679,0.0175
0.3459,0.8167,-1.3094,0.1758,1.7558
0.764,1.1071,-1.7912,0.3262,0.611
-0.0067,0.9095,-0.4292,-0.4828,-0.2304
-1.2191,-0.3351,-1.4052,-0.1168,0.0012
-1.5158,0.9571,-1.0499,-0.4013,0.701
1.1829,0.2298,-2.22,-0.0439,0.2355
-0.9516,-0.2683,-0.7267,-1.306,0.616
-1.2819,-1.1995,0.3802,-2.3743,2.3039
-0.6925,-1.3322,-0.6807,-1.4377,-0.5151
-0.5341,0.8581,0.1662,-0.4331,0.1669
-0.9388,0.4967,-1.1969,-0.6761,-0.0477
-0.3772,-0.3717,-1.1263,-0.244,2.7994
-0.8334,-0.7589,-0.7428,0.3449,0.1195
-1.019,-0.5481,0.6712,1.3153,-0.8143
0.2251,0.4221,-0.5123,-1.3825,-2.2472
-0.8582,0.1871,-0.2941,0.05,-2.1191
-0.7902,-0.6061,0.2289,0.4821,0.515
0.0667,-0.0812,-0.2873,-0.4483,0.6182
-0.1876,-1.5451,-0.5932,1.4829,-0.5031
-0.2575,-0.8305,0.3316,0.8163,-0.7477
-0.7819,-1.236,-0.6331,-0.2618,-1.8573
-0.5083,-0.396,-1.6832,0.0876,0.3826
0.2794,0.7214,-0.715,1.4854,-0.6977
-0.088,0.7256,0.2888,-0.3972,-1.4026
-1.2632,1.0143,0.1537,-0.9689,-1.7476
-0.8182,0.7761,0.0814,0.2653,-1.289
-1.0531,1.1408,-0.5446,-0.0642,0.5593
-0.971,0.0639,-1.471,-0.4032,-0.3156
0.2735,1.2122,-1.8121,-0.1301,-2.5843
0.4679,1.0084,-0.6327,-0.1147,-0.2833
0.5931,1.9899,-0.6117,-0.1872,-0.2596
-0.3108,1.746,-0.6442,0.8142,-1.6462
-0.3925,0.8309,0.3234,-0.0124,-0.6199
-1.3088,1.1916,-1.2107,0.3673,0.7006
1.3991,1.5809,0.0065,0.4881,-0.3539
0.5882,0.5504,-0.7082,-0.0906,-0.6886
0.1834,0.2316,-0.4034,0.8164,-0.3475
-1.2176,-0.9575,-0.3512,0.2198,-1.242
-0.2743,-0.5233,-1.2913,0.7165,0.8379
-1.3151,-1.5927,-1.5024,0.4627,-0.9323
-1.3583,-1.0701,-0.3853,1.0836,0.3551
-0.7346,0.1145,0.7371,1.8746,-0.378
-0.1428,0.4649,0.5797,0.5953,0.6215
-0.7659,-0.9664,0.3967,0.1083,-0.3143
-0.2464,-0.7005,0.2491,0.8499,1.0184
-1.2599,-0.2938,-0.1071,-0.1767,1.426
-0.863,0.3564,-0.0353,0.9993,2.3466
0.4351,-1.3577,0.593,0.1474,-1.0638
1.7549,-1.396,1.0259,1.54,1.5446
0.9863,-1.1727,0.233,0.6747,0.168
1.6827,-0.6538,-1.0049,0.4713,1.005
-0.0257,0.2283,-0.3522,0.8164,1.2371
-1.512,-0.1043,0.0094,0.2145,-1.1589
0.2077,0.0233,-1.062,-0.0268,0.2932
0.6391,-0.6153,-0.5205,0.4687,0.1776
1.0571,-1.2281,-2.9664,0.6742,0.2108
1.6004,-2.4123,-1.1221,1.2919,0.7853
-0.1343,-2.4259,-1.4318,0.0664,-0.5474
0.0876,-1.6929,0.1005,1.3666,-0.8202
0.0101,0.2022,-0.6366,1.6867,-0.9132
0.2204,-1.5644,-0.007,0.2108,-1.8875
-0.4914,-1.9173,-1.0336,0.0388,-2.0636
-0.8839,-1.3141,-1.5363,0.605,-0.8313
-0.3873,-0.4004,-2.2124,1.2925,-0.5384
-1.1586,-0.7866,-0.2143,1.0977,1.386
-0.405,-0.875,-0.3523,-1.0799,1.1043
1.136,-0.0187,0.581,-0.2403,1.8104
0.3836,-0.037,0.0209,-0.8491,0.4679
-0.4344,-0.831,-0.081,-0.2598,0.0533
-1.8126,-0.1518,-0.3938,-0.6883,-0.0036
-1.6049,-1.8813,1.3518,-0.986,0.0683
-1.5696,0.5535,0.7214,-0.4943,-0.4833
0.1775,-0.3026,0.3117,0.9123,0.4294
0.6415,-1.0862,0.3962,-0.477,-1.1443
0.6388,-0.4441,-0.3134,0.281,0.2919
-0.1285,0.0454,-0.3885,-0.0118,0.212
-0.4995,-0.3619,-0.2476,-0.9734,0.4384
-0.187,-0.6517,-0.8946,0.0287,0.4709
-0.5172,-0.5827,-1.9165,0.8204,-0.586
0.4488,-0.2619,-1.7967,1.2246,-0.3002
-0.2261,-0.6099,0.0307,-0.0314,-0.8042
-1.7414,-0.201,-0.2101,-0.7241,-0.1102
-2.226,-0.794,-1.3621,1.5494,0.8601
-1.1458,-0.5362,-0.2807,1.6509,1.7008
-0.7189,0.4554,0.3679,-0.5825,-0.4429
-0.6274,0.5362,-0.4241,0.1266,-1.1889
-0.4108,-0.2267,0.9808,-0.3708,0.7289
-1.5472,-0.8612,-0.2533,-0.5838,0.3321
-1.336,0.3021,0.3619,0.8866,0.1847
0.5206,0.1352,-0.3893,0.2336,-0.6764
-0.6183,0.7208,0.4288,0.4558,-0.2454
-0.3715,-0.3015,1.0559,-0.4363,-1.8596
-1.5827,1.432,1.1985,0.7145,-0.5012
-1.3009,-0.4673,0.0193,0.2238,0.057
-0.4037,0.7135,-0.0612,0.3744,-0.9487
-0.4918,0.2886,0.2871,-0.8387,-0.0208
-0.307,0.7783,0.1999,-0.8505,-0.3698
0.4674,-0.0373,1.3942,1.0192,0.026
-1.6787,0.0173,0.3756,-0.1865,-1.5132
-1.1172,1.1015,-0.4988,0.4151,0.0132
-1.1814,0.3546,-1.0367,-0.4808,-0.2783
-0.3162,-0.0206,0.0413,0.493,0.1588
-0.7638,-1.1945,0.4013,0.6039,0.9587
-2.5028,-0.111,-0.3227,0.4466,0.5562
-1.7857,-0.8301,0.0338,0.2285,-0.1243
-2.2331,-0.5317,1.0736,-1.0271,-0.5523
-2.7604,-0.5233,-0.0048,0.3069,0.0748
-0.315,-0.5047,-0.7463,-0.8235,0.3896
-0.7819,0.406,-0.2715,1.1983,1.0689
-0.5569,0.501,-1.9873,-0.7487,0.469
-0.6361,0.5496,-2.7831,-0.1953,-0.3098
-0.1266,0.7017,-0.343,0.2913,0.4007
0.0426,-0.3036,-1.4087,-0.9409,1.2773
0.3542,1.0016,-0.088,0.6357,0.5268
0.3028,1.2685,-1.4063,1.2036,0.5945
1.2796,-0.3579,-0.9432,-0.3735,-1.104
2.5182,-0.1063,1.2124,0.7764,0.3651
0.5741,-0.0615,-0.5143,-0.7254,-0.7153
0.4352,-0.6722,-0.566,-0.1797,-1.1768
0.2618,-2.6821,-1.4968,-0.2646,-0.3064
0.932,-1.2049,-0.1318,-0.7054,1.417
1.5459,-1.0628,-1.0245,-1.5654,0.8207
1.156,-0.8995,1.303,0.0785,-0.6133
0.3063,0.4451,0.4044,0.7968,-1.6922
0.1783,-0.5648,0.8467,-0.9315,-0.2023
0.0258,0.1694,-0.6069,-1.5144,-2.1976
0.5306,0.4606,-0.0355,0.3132,-1.1741
-0.5595,-0.3161,-0.2614,0.8618,-1.7836
-1.2973,0.8162,-0.4599,0.3625,-1.9436
-1.0437,0.0845,-1.1465,-1.6715,-1.536
-0.8417,0.631,1.1229,-0.9691,-0.0094
-0.9359,-0.6087,1.082,-0.4536,0.222
-0.0411,-1.1966,0.7952,0.6107,0.5901
0.5503,-0.7961,0.5571,0.1229,0.2816
-0.0798,0.1713,1.5285,-1.3404,-1.3165
0.9889,0.6188,3.0719,-0.1452,0.2919
1.2171,2.3742,0.8863,0.3581,-0.4713
1.0479,1.3776,0.2244,0.9719,-0.6758
1.148,1.4942,0.4462,0.3884,-0.962
0.5894,0.3672,1.0192,1.4955,-0.9619
1.4903,-0.614,0.5372,1.1434,0.8497
1.7092,-2.4781,-0.6908,0.3345,-0.0706
1.9634,-2.0514,-0.8171,0.8659,0.1147
1.5008,-0.2931,-0.9596,1.0836,-0.1493
0.2228,0.1084,-0.6509,-0.5962,0.0377
2.492,0.5266,-0.6146,-0.327,0.376
0.9713,-0.3117,0.292,-0.4311,-0.6746
0.9286,-1.9165,-0.0719,-0.1275,0.4287
1.2268,-0.8998,0.1519,0.4789,1.5952
1.2462,-2.1003,-0.196,-0.4604,1.9507
-1.1333,-1.4275,-0.8505,1.0137,-0.296
1.8239,0.191,-0.3626,-0.0087,-1.3457
1.0938,-0.6199,-1.2743,-0.1409,0.5428
2.0298,-0.3655,-0.9247,1.0122,-1.3461
3.0081,-0.6496,-0.3158,1.4407,1.7928
2.0542,0.7771,-0.8316,0.7549,-0.7621
2.5999,0.8847,0.5784,-0.2155,-1.3448
2.9465,0.1058,1.3639,-0.865,0.4621
2.4177,0.0191,2.2825,0.8612,0.3364
0.9191,-0.0676,-0.4897,1.213,0.6999
1.4645,-0.0711,-1.2595,-0.9133,-0.493
0.1917,-0.3209,-0.2745,0.5225,0.5356
1.8897,-1.2583,-0.5625,-0.6368,-0.2013
0.49,-0.7674,0.0992,1.0186,-2.2452
1.1488,-1.9669,0.7219,0.3764,-1.5859
1.3523,-2.7867,0.471,-2.2892,-0.7029
2.3843,-2.9912,-0.7044,-1.0409,0.7871
1.8831,-0.4292,0.2308,0.0163,1.8768
2.3017,-0.3267,0.2838,-1.5431,-1.6749
1.3466,0.1682,0.1269,-0.9164,-0.9702
0.1325,-0.12,-0.221,-0.489,-0.1659
0.2374,0.0544,-0.4566,0.0634,0.0572
1.4051,-0.8329,1.1616,-0.9739,-2.2065
-0.1957,0.7143,0.629,-2.3872,-1.3036
-0.6086,1.0949,-1.1006,-1.3266,-0.1188
-0.0196,0.6718,-0.4541,-2.2513,0.0404
0.7004,-0.1929,-0.0331,-1.8629,-1.3397
0.1827,0.4002,-0.8732,-2.0547,-0.2761
-1.2311,1.5753,-0.9635,-2.2802,-0.02
-1.5742,0.4817,-1.3672,-2.0278,1.5472
0.5256,-0.8148,-1.9681,-0.8979,-0.0439
0.1174,-1.0384,-1.0923,-0.6575,-0.4125
0.8786,0.4184,-1.6262,-0.7255,0.8154
1.2831,-0.3629,-1.327,-0.929,0.3451
1.9005,0.1987,-0.7259,-1.3672,-1.2137
0.1676,-0.8097,-1.7981,-0.6251,0.0579
-0.2719,0.0747,-0.5867,0.6648,-1.2999
0.5882,0.7555,-0.2583,-1.0587,0.9592
-0.2421,-0.0943,-0.6132,0.3054,1.2164
0.5087,-0.1248,-1.507,-0.309,0.9649
-0.0104,-0.543,-0.5954,-1.6419,0.7162
-1.1229,-0.6727,-1.2062,-1.5967,1.006
0.6589,-0.8829,0.2368,-0.7436,-0.1272
0.0042,-0.1327,-1.7987,-1.9449,-0.6655
0.2226,-0.6693,-0.9561,-1.5628,0.9133
0.797,0.4746,-0.6141,-1.6647,-0.2653
-0.8601,-0.0613,0.9222,1.1396,0.285
-0.5696,-0.4365,0.4754,-0.5024,-0.2814
-1.3077,-0.4969,-1.1117,-1.2427,0.7586
0.257,-0.7836,-1.1323,-0.4241,-0.6329
0.617,-0.1857,-0.714,-0.8102,-0.8093
-0.1481,0.6809,0.3593,-0.5602,-1.0457
0.236,-0.2149,0.565,-0.393,-0.2861
-0.3299,-0.2338,-0.0654,-1.0963,-1.749
0.9657,-0.6872,1.4486,-2.297,0.9927
0.1083,-0.4641,-0.1794,-1.7774,0.6815
0.6717,-1.5456,-0.0602,-1.697,1.2292
0.9339,-2.1198,1.1858,-1.3262,-1.1328
0.8043,-0.3606,-0.1211,-1.247,0.1557
0.7095,0.6886,-1.1454,-0.2947,-0.3389
1.324,-0.0733,1.3934,-0.2866,-0.1214
0.5563,0.8161,0.2971,-0.4849,-0.3135
2.1045,-0.404,0.8205,0.11,-0.3414
1.1787,-0.0424,2.2705,-1.1982,-1.8688
-0.165,-0.1134,2.3949,-0.7451,-1.1756
0.824,-1.3128,1.337,-1.4015,-0.0733
-0.2581,0.2104,1.4823,-2.2218,1.88
0.1826,-0.1125,1.3561,-0.9607,-0.7344
0.441,-0.3438,-0.3133,0.4111,-0.574
0.5806,-0.0921,-0.1382,-1.4889,-1.8449
0.0666,0.3301,-0.3155,-0.6246,0.7079
0.2705,0.0823,0.4687,-2.111,1.1393
0.2757,-0.4379,-1.5922,-2.3585,0.5278
1.3483,1.7586,-0.8922,-2.1733,-0.7605
0.0603,2.0486,-0.8539,-0.8143,0.117
-0.1458,0.8145,-0.6411,-0.5053,-2.116
1.2556,0.0846,-0.2807,-0.3423,-0.9778
0.7891,0.1016,0.1555,0.2433,-0.7946
0.6123,0.2913,0.4458,-0.1059,-0.1571
0.6481,0.702,1.1327,0.4445,0.253
0.3924,0.7088,-0.2189,1.6111,-1.1623
0.3742,0.4758,0.9468,-0.9393,-0.3038
-0.0467,-0.6658,0.1986,-0.8407,-1.5443
-0.3913,0.8893,1.2626,-1.7446,-0.5082
0.4958,0.1564,0.5073,-1.2554,-0.7009
-1.6027,1.1009,0.5766,-1.1399,-0.4834
-1.829,0.1577,-0.167,-0.4347,0.0308
-0.7732,-0.5864,-0.3815,-0.8924,-1.9362
-0.8024,-1.5996,-1.2666,-0.1086,-2.5741
-0.0615,-1.0007,-1.3888,0.2287,-1.1803
-1.4527,-1.1779,0.7061,2.1203,-0.9806
-0.2578,0.0319,-0.1887,-1.433,0.5336
-0.2863,-0.9651,1.2705,-0.8495,-1.2978
-0.6423,1.1804,1.369,-2.463,-0.2409
-1.9779,-1.0995,-0.6128,-0.0375,-0.6504
-2.5491,-1.5844,-1.2745,-0.2726,-1.6485
-2.6252,-0.6269,-1.5433,1.5187,-1.0925
-0.9243,-1.0724,-0.2251,0.2979,-1.7004
-0.5845,-1.4017,-1.2359,-1.0992,-2.242
0.3439,-0.3301,-0.9327,-0.9232,-0.1211
0.2447,-0.284,-1.5129,-1.3034,0.4601
0.1223,-0.7654,-0.8963,0.0356,-1.3561
0.6958,0.0255,-0.5329,-1.6377,0.0366
-0.5325,-0.2022,0.1376,-1.3315,-1.6805
-0.9597,-1.9732,-1.3581,-0.517,-0.4332
-0.0306,-1.917,-1.2058,0.4946,-0.7078
-0.3824,-0.5966,-0.7762,-1.71,-1.0813
-0.211,0.7758,0.1946,-0.2547,-1.2318
-0.0864,0.2823,-0.7224,-0.9156,-0.0391
-0.5857,-0.1721,-1.9692,0.1825,-0.6816
-0.1615,0.8085,-0.0867,-0.4585,0.5809
-0.9247,-0.164,-0.8774,-1.882,-0.2274
-0.1998,-1.2044,-0.7381,0.8878,0.0452
0.2943,-0.6354,0.1965,-0.4527,0.9281
1.5581,-0.2188,0.1017,0.137,0.6804
0.3015,0.465,-0.0263,-0.8546,-0.6487
-0.018,0.6947,1.1589,-0.7704,-0.9468
0.421,0.833,0.5135,-0.3954,-0.0414
-1.2312,-0.0836,1.8261,-0.4918,0.6331
-2.0959,0.1545,1.6828,-0.6466,2.0408
-1.2742,-0.0833,1.4435,0.1686,-0.2762
-0.9553,0.6655,-0.1942,0.2368,-0.4366
0.2897,-1.0429,-0.1816,0.0549,0.0154
1.5869,-0.9396,0.6755,-0.5458,0.2878
1.7439,-0.7429,1.4104,0.4918,0.4716
1.3366,0.1163,0.5495,1.7068,-0.7037
0.8297,0.5595,-0.0593,0.8312,-0.774
1.0065,1.8085,-1.5468,-0.9935,-0.4304
1.2799,1.3554,-0.4893,-0.8799,-0.8325
0.9638,0.0964,-1.9408,-0.4531,-1.5187
-1.4738,0.9767,-1.2959,0.0063,-1.4785
0.0449,-0.3454,-1.5836,-0.3133,-0.1157
0.7348,-1.0379,-2.2188,-0.6992,-1.6018
0.659,-1.4341,-0.6823,0.265,-1.2037
-1.4771,-2.4381,-1.1819,0.8914,-0.2925
-0.769,-1.3346,0.0662,1.7685,-0.314
-0.9588,-0.3821,-1.5915,0.2926,0.079
0.1927,-0.7001,-0.8625,1.2713,-0.0456
-0.356,-0.2018,0.089,0.6841,-0.6282
0.2616,0.442,-0.5379,1.7285,-0.1077
-0.4935,-0.8443,-0.7053,-0.2401,-0.6622
-0.8605,-0.5901,-0.2386,-0.1465,-0.7878
0.4636,0.5971,0.1367,-0.5403,0.117
-0.97,-0.3375,1.0818,-0.9738,-0.3025
-0.9482,1.022,-0.8937,-0.5601,-1.1491
0.0181,-0.2107,-0.4728,0.4592,-0.5461
0.154,0.3404,-1.4673,-0.0397,1.2092
-0.3717,1.2985,0.2199,0.1447,-0.9366
-1.269,1.4844,-1.4101,-1.0513,-0.324
-0.6081,0.8252,-0.1695,-0.9244,0.4381
-0.9596,0.9913,0.2053,0.1759,-0.1737
-1.4217,0.875,-1.5888,-1.0973,-0.8195
-1.1129,-0.0672,-1.4564,-0.5734,0.2975
-1.4969,0.4849,-0.6079,-1.9918,0.9278
0.4659,1.037,-1.9524,-0.9889,-2.09
0.4144,0.295,-1.3248,-1.208,-0.1837
0.7123,0.0069,-0.4023,-1.4132,-0.3013
0.5209,-0.8388,0.3282,-1.8288,-0.6355
0.1431,1.11,0.7713,0.3533,0.6221
0.5615,1.0321,0.9253,1.0271,-2.6943
0.1288,0.848,-1.077,1.4409,-0.7101
0.326,-0.2211,0.1138,1.2363,-0.6691
0.0133,-0.6223,-0.9254,1.3994,-0.1302
0.4766,0.3395,-0.8695,0.9395,-0.307
0.0069,0.239,-0.7918,-0.5738,-0.7364
-0.4866,0.8125,-0.5556,-0.1921,-1.9344
-0.0821,0.7145,-0.4891,0.6147,-0.3659
0.248,-0.4155,0.1766,1.4921,-0.1649
-0.7759,-1.8652,-0.3128,0.913,0.4643
0.5908,-0.7907,0.1,-2.2858,-0.0203
-0.9354,0.6689,0.0796,-0.6697,-1.1834
-0.0985,0.3127,-0.3222,-1.1706,-1.2031
-0.3941,0.2772,0.6995,0.6905,0.3058
-1.5705,0.0317,0.3734,-1.0234,0.3414
1.5889,-0.0984,-0.7626,1.3127,-1.9734
0.8699,0.6302,-1.0514,0.3252,-0.9326
0.8648,0.2577,-0.9353,0.2255,-1.5005
1.1892,-0.4718,0.2078,-0.6572,-1.767
0.7806,-0.3845,-0.6749,-0.4941,-0.8043
1.2331,-1.4003,-1.0843,-0.444,-0.85
0.6601,-0.3627,-0.3925,-0.621,0.1927
1.937,-0.2978,-0.3209,-0.0626,0.7206
0.8282,-0.3421,0.1571,0.8024,-0.0574
1.1411,-0.3281,-0.8972,-0.5568,-0.8743
1.7252,0.4051,-0.306,-0.357,0.2541
1.3167,-0.2165,-0.0736,-0.0392,-0.5181
0.2758,0.5345,0.8356,-1.1432,-1.3855
0.9449,-0.258,-0.841,-1.2649,-0.4102
-0.1332,0.5261,-0.709,-0.9859,-0.0504
0.2475,-1.2144,-0.5494,-1.5908,-2.1931
0.2201,0.2015,-0.4367,0.3754,-0.2544
0.761,0.0306,0.755,-0.6967,-0.1767
-0.4002,-1.0754,0.437,0.7034,0.9312
1.0887,-0.4639,0.1164,0.5399,0.2559
1.2898,-1.5926,0.2332,-0.1075,-0.2439
1.3219,1.3059,0.1311,1.0489,0.1801
0.2704,0.5961,1.7217,-0.5235,0.9957
0.5428,2.2745,0.1647,-0.3999,2.2694
0.7924,1.2535,1.4055,-1.3601,0.8117
-1.2105,0.5575,-0.5282,0.2805,1.2295
-0.0049,1.0271,-1.1746,-1.547,1.7582
0.1944,-1.1158,-2.5226,-2.2857,1.8007
-0.3859,0.7086,-2.1341,0.3066,1.0384
-0.5367,1.2786,-1.3463,-1.0298,-0.2944
0.4016,1.5188,0.2176,-1.8904,-1.1063
-0.8307,1.3991,0.9052,-0.5074,0.3772
0.6924,0.192,-1.3929,-1.2329,1.5093
0.8325,0.0662,1.0149,0.3671,1.5767
0.3042,0.0032,2.1047,0.9547,-0.1563
-0.0976,-0.455,0.6837,-0.7068,0.0348
0.0665,0.696,-0.5133,-0.0873,0.0401
0.3765,0.0749,-0.3561,0.4905,1.0676
-0.6279,-0.8253,-0.4415,0.1275,2.8355
0.1665,0.2013,-2.2326,1.7184,1.8682
0.5556,0.7934,0.4949,-0.0137,1.7644
0.4227,2.0947,-0.3547,-0.9388,0.2763
1.0663,3.2319,-0.6307,0.3696,-0.2995
0.5794,1.0694,0.4576,-0.8936,0.0005
-0.234,1.634,-0.4385,-1.0763,-0.5174
0.1784,2.5339,-1.6981,0.0371,0.7495
0.5183,2.1261,-2.3423,-0.92,1.175
-0.3669,2.1921,-0.1253,0.8137,0.4964
0.1153,0.9263,0.9521,0.3169,1.7263
-0.4953,0.935,0.077,-0.5391,0.5403
1.4682,0.6293,0.8362,-0.1675,1.1323
1.7516,0.8349,-0.3806,-0.1202,0.5332
2.156,0.7909,-1.435,-1.3164,-0.1514
1.6839,0.4955,0.2059,0.5077,-0.7974
2.2991,-0.8467,0.4099,-0.1737,2.3947
1.1072,-0.6267,0.526,2.4161,0.3364
0.4076,-0.1694,-0.6383,0.5491,-0.4868
-0.0739,-0.3253,-0.5596,0.7765,0.0725
-0.7132,-0.2466,-0.8446,1.1273,-0.2327
0.1391,0.1902,-1.1411,1.1223,-1.3291
0.1212,0.4822,-0.7459,1.3209,-0.2106
0.847,-0.2795,-0.5113,1.2919,0.5643
1.1273,0.5452,-0.9991,0.6882,0.4204
-0.0699,0.3889,-0.4606,0.9479,0.3187
-0.8688,-1.2476,-1.0208,0.21,-0.0479
-1.344,0.4012,-2.0899,1.0003,-0.5196
0.0489,-0.7005,-0.2892,0.2056,-0.0382
0.8869,-0.8238,0.7373,1.1345,0.2442
-0.2609,-0.976,0.4608,1.2261,0.9596
-1.7232,-0.0354,-1.5666,-0.6945,1.2353
-1.2586,1.0957,0.0211,-0.549,1.9723
-0.9623,-0.6977,1.4781,0.6103,1.6052
-1.3488,-0.25,-0.7514,0.356,1.411
-0.5676,-0.6869,-1.7996,0.9635,1.7844
0.3691,0.2005,-0.8011,-0.3962,0.1728
0.3835,-0.4357,-0.1034,-0.3677,-1.8614
-0.4236,-0.2874,0.3488,0.2216,-1.5782
0.1976,0.6894,-1.0023,0.4123,-0.093
-1.1145,-0.9168,1.2056,-0.8555,-1.0778
-0.889,-1.6128,0.7593,-0.347,0.2931
0.2297,-0.3921,-0.3006,0.5376,0.388
-0.0656,-0.0639,0.2962,0.5429,-1.13
-0.5043,-0.5,-0.129,-0.4641,0.2008
-0.1161,-1.9149,1.0155,-1.1594,-2.3595
0.4177,-0.1399,0.1468,-1.5661,1.3142
-1.0859,-0.4398,0.2469,-0.0141,-1.3439
-0.0041,-1.6332,-1.0402,-0.2896,-0.164
0.4226,-1.0429,1.1907,0.3407,0.0162
-0.4637,0.1719,1.5205,0.9601,-0.1072
-0.2552,-0.384,1.0911,-0.367,0.6258
0.9224,-0.9698,0.7103,0.7435,1.4011
-0.3765,-1.3543,0.321,-1.5051,0.8502
-0.0557,-0.2656,0.803,-0.6535,0.3726
0.3948,-1.1987,0.126,-0.1669,0.4059
0.5821,-0.9115,-0.3455,-0.3314,-0.1981
1.1403,-0.8784,0.7221,0.2495,0.614
0.332,-0.8688,1.2534,-1.3413,1.4019
-0.8923,-2.384,1.4656,-0.0047,-0.1706
-0.3092,-0.3016,2.3091,-0.3688,-0.8276
-0.0291,-0.4638,-0.5721,-1.1949,1.0587
0.206,0.6363,-1.3247,0.2497,0.5783
-0.181,-1.498,-0.0225,1.028,-0.5416
1.3138,-0.9063,0.3968,-0.0222,0.6253
0.2971,-0.9345,-0.3227,0.4128,-0.2717
1.0746,-0.045,-1.1367,2.2081,-0.0638
0.8783,-0.4098,-0.5361,0.4844,0.7553
0.1607,-0.1889,1.2407,1.0958,-0.066
0.7558,-0.277,-0.544,0.8316,-1.0038
-0.5605,0.2436,0.4621,0.2806,-1.209
1.2582,-1.0137,0.9951,1.1801,-1.0429
0.8318,-1.056,-0.2002,1.2771,-1.2444
2.9399,-0.6183,0.9903,-0.1636,-0.2656
0.1259,-0.0852,0.4074,0.0159,1.4194
-0.0885,1.5562,-0.84,0.9929,0.6159
0.3962,0.214,-0.4581,-1.062,2.0171
1.3459,0.3292,-0.5533,0.6818,-0.0015
1.3851,0.0207,-0.36,-0.1296,0.4855
1.6163,0.6571,-1.2602,1.0847,-1.0999
2.5044,-0.1473,0.1673,0.4603,-1.5124
0.2378,1.1815,-1.1875,0.832,-0.2592
0.3166,0.1452,0.1203,-0.5415,0.2313
-0.1039,0.4065,-0.67,1.0884,-1.9852
0.4591,-0.7255,0.5479,0.7092,0.3856
-0.5137,-0.7024,0.7718,1.3897,0.8599
-0.5349,0.139,-0.4299,0.7663,0.1486
-0.8401,0.4898,0.6319,2.0734,0.6518
0.2313,1.4935,-0.5993,0.3145,-1.0253
1.4345,0.0513,-0.4284,0.9576,-0.2922
0.2574,0.8261,0.5217,-0.2921,1.2505
-0.1789,0.6782,1.4552,0.7579,0.4742
0.789,0.6959,1.6654,0.6787,-0.8942
1.4355,-0.4377,-1.9052,0.9512,-0.9061
0.4582,0.6872,1.0922,1.5154,-1.0878
0.8259,0.5624,0.149,0.6141,-1.8914
0.4171,0.4018,0.6043,-0.2758,0.2672
-0.6046,-0.0338,0.1782,-0.027,-0.22
-0.666,-1.189,-0.1249,-0.4118,-0.2658
-1.4318,-0.4259,-0.1522,0.5649,-1.324
0.5286,0.1963,-1.0117,-1.3424,0.4794
-0.8516,0.2591,-1.9951,-1.5772,-1.2577
0.0753,1.164,-0.5332,-0.0391,-0.7987
1.2084,0.8612,-0.4006,0.1712,-0.3505
0.471,0.3265,-0.0456,-0.3069,0.0589
0.1367,-0.2335,-0.3193,-0.7146,-0.4579
0.3907,-1.3731,-1.3882,-1.2568,-0.3408
0.4936,-0.8342,-0.347,-1.0341,-0.9711
-0.2992,0.4375,-0.423,-1.0557,-0.3871
0.0149,-0.3108,-0.7817,-1.4284,-0.3815
1.121,-0.466,0.0387,-1.707,-0.633
1.2173,-0.5638,0.0338,-0.5405,-1.4239
2.0595,-1.0555,0.6776,-0.2022,-0.5153
1.0923,-0.6581,-2.0273,0.1797,-1.0284
0.8144,0.3095,1.4733,0.7915,-0.6542
-0.572,-0.243,1.2126,-1.1622,1.4696
-1.0705,0.5844,0.34,-0.9333,-2.0198
0.3584,1.3249,-0.692,-0.9605,-0.2149
0.1748,0.5604,-1.6139,-0.9303,0.3902
-0.6341,1.4673,1.2657,0.0021,0.2495
-0.6772,0.8764,-0.5774,-1.9146,-0.0646
-0.7297,2.4396,-1.0972,0.3641,-0.867
-0.6276,-0.3103,-1.3858,1.1928,-0.1285
0.1837,-0.5706,-0.8134,-0.1501,0.6744
0.516,0.9419,-0.3072,0.5924,-1.5696
-0.209,-0.1694,0.2661,1.0127,-1.6402
-0.8706,-0.4713,0.3508,1.6962,-0.7352
0,-1.9773,-0.3071,0.3204,2.1744
-0.2103,0.0274,-0.0587,0.4186,-0.9205
-0.8853,-0.7801,-0.5156,-1.2329,-0.6556
0.0521,0.2058,0.9855,1.1406,-1.4155
0.8113,0.8492,-0.2978,-0.8076,-0.8132
0.5721,0.0095,-0.5264,1.0067,0.1063
2.3024,0.2038,-1.1364,2.294,-1.2585
0.21,0.6859,-0.8233,1.6355,-0.1051
1.218,-0.0464,-0.1279,0.1444,-0.025
0.5002,0.4995,1.1319,-1.3774,-2.3045
0.5328,0.6015,1.4586,-1.0391,-1.122
0.8402,0.9644,2.095,-0.6746,-0.7126
0.6324,-0.2128,1.0161,-0.5105,-0.6134
0.5644,1.9515,2.2687,0.0305,-0.3892
-0.3742,0.14,1.3729,0.3887,-0.7136
0.7152,0.4047,0.9921,0.9748,-0.6792
0.5682,-0.2576,1.6366,0.9316,-0.7269
1.9234,0.0025,1.5149,-0.4444,0.1287
0.8298,0.7811,1.2301,0.1471,0.3018
1.1648,0.7248,2.1529,-1.2842,1.6991
0.8359,-0.3955,1.7802,-1.049,-0.2835
0.5587,-0.0935,2.4919,-1.5001,-0.1149
0.8246,0.4419,2.7826,-1.9842,0.9848
0.8126,0.7988,0.6996,-1.0495,0.8805
3.238,0.4157,-0.7296,-1.5115,1.3787
2.3095,0.9502,1.068,-1.0584,1.0211
1.6913,0.1882,0.2561,-0.8132,0.4057
1.0327,1.6745,1.4252,-2.8653,-1.1884
1.052,1.0996,0.0513,-0.9981,0.7638
-0.1987,2.2601,-0.3415,-1.8029,1.4935
1.1601,0.9738,-0.5548,0.3706,0.5593
0.7364,1.4334,0.2065,0.544,0.9973
1.7389,0.6513,0.4139,1.095,1.7942
1.3534,1.684,0.7562,-0.9515,0.2195
0.9003,0.617,1.0452,-0.6376,0.6473
0.4745,0.7365,1.5395,-0.3693,-0.4857
1.1598,0.7379,0.7953,-1.2603,-1.212
0.6467,0.1701,2.2937,-1.114,0.5631
0.4228,0.4253,2.327,0.0375,-1.392
-0.0321,0.4498,1.4216,-0.4735,0.7409
0.7952,-0.223,1.0568,-1.1629,-2.0741
0.8541,1.3756,0.8249,0.566,-0.4451
0.2844,2.1565,1.9212,-0.4106,-0.1466
0.1724,1.2323,0.1726,-0.9712,1.1273
0.4469,1.1748,0.3,-0.02,2.9928
-0.9163,1.0868,-0.1815,1.3537,0.0968
-1.1668,0.3522,-0.3232,1.0573,-0.3778
0.3629,0.0216,-0.3981,1.6361,0.4562
-0.0401,0.9955,0.5263,0.1487,1.5052
0.177,-0.0507,1.257,1.1639,-0.1327
0.9951,-0.2198,0.883,-0.5546,1.0433
-0.0332,-0.5179,1.7677,0.3606,1.0697
-0.3391,-0.3898,1.9841,-0.5428,0.2489
0.2889,-1.0964,0.7752,0.8988,-0.1951
-1.0722,-0.013,0.8658,0.7929,0.3567
0.189,0.0206,-0.0824,-1.2929,1.4557
-0.0595,-0.5023,1.5682,-0.5635,2.2938
0.1966,-0.9081,0.5911,-0.1653,0.8172
1.395,0.5583,0.1659,-0.5222,-0.198
1.2112,-0.0966,0.0179,-0.6486,1.1692
0.4196,-0.1955,0.1761,0.7433,-0.6267
-0.6346,0.524,1.8458,0.7773,-0.842
0.5412,0.1522,1.355,-0.3687,0.149
0.1965,0.2876,0.4974,0.5026,-0.2967
-0.4399,0.154,0.182,1.0852,-0.3353
1.0288,-0.6816,1.3274,0.3154,0.3443
3.2173,1.6811,2.0581,-0.127,-0.0017
0.7457,1.5317,0.1669,0.6733,0.528
0.664,-0.0407,0.6783,0.2415,1.1577
1.7728,0.8445,0.0247,-0.6342,1.6519
1.3635,0.1022,1.2946,-0.0954,1.9635
1.2428,0.6731,0.255,-1.2089,2.3046
0.0467,0.7361,0.4904,-0.0636,0.5828
1.5324,0.8864,1.3847,-0.2865,4.0002
0.9417,1.4996,1.094,-0.3107,0.1039
0.3897,0.5759,0.409,0.1941,0.6454
1.0131,0.4368,0.3756,0.5396,0.2768
-0.1085,0.5723,1.999,1.3969,-0.2668
-0.4285,-0.0506,2.4634,-0.7749,-0.0352
0.7031,0.6113,0.7398,1.2795,1.1731
0.3533,0.1152,1.8946,0.4774,1.8457
1.9997,1.0062,2.6052,0.1141,1.7228
0.4274,-0.5955,2.6719,-0.063,0.8788
-0.5361,-1.94,2.2719,2.2838,-0.3456
-1.8351,0.1973,1.917,-0.7773,1.2844
-0.8477,0.298,3.1197,-0.7082,1.1066
0.9108,-1.205,2.3363,0.5601,1.3363
0.0264,-1.2089,1.667,0.044,1.216
2.394,-0.1705,0.5535,1.4674,0.9083
1.1668,-1.1099,0.1273,0.9836,0.9268
0.3676,-0.8652,-0.073,-0.1874,1.4809
0.8947,-1.3026,0.2098,0.6851,0.468
0.5619,-1.1695,0.2282,0.5504,0.8581
1.4389,0.6275,-0.2864,-0.2004,-0.3424
1.1167,0.0269,-1.1883,-1.1929,-0.8481
-0.136,0.8274,0.4253,-0.5884,0.3108
0.444,1.3865,-0.5275,-0.226,-0.8719
-0.6735,0.6856,0.775,-1.7367,0.7278
-0.9927,-0.9293,-1.4217,-1.5318,-0.4081
-0.7336,0.3233,-0.4332,-0.3445,-1.4683
0.826,-0.086,-0.1126,0.9238,0.7341
-0.6967,1.4493,0.7447,-0.7668,1.6039
-0.4089,1.5362,-0.9882,-0.4166,-1.1701
-0.5347,2.3415,1.0045,0.799,-0.289
-0.2666,1.1948,2.7849,-2.5982,0.6792
-1.0471,0.6103,1.4404,-0.2035,-0.2359
-0.5369,1.2623,1.0597,0.0531,-1.0068
0.1639,-0.0171,2.9693,1.1096,-0.0429
0.3692,0.0364,-0.1408,-0.7581,1.0985
0.4264,-0.7962,-0.551,-0.9972,-1.9129
0.8861,-0.1088,0.7367,0.5814,0.0933
-0.4003,0.1669,0.2562,-0.2317,0.3725
0.357,0.362,-0.1524,1.6767,0.2163
-0.0095,0.8615,-0.6419,1.6442,-0.4388
0.7985,1.2141,0.5998,0.4979,0.4716
-0.1594,-0.026,-0.3019,0.5146,0.0746
1.2719,0.2139,-1.1648,-0.972,-1.6007
-0.4952,0.0832,-1.3196,0.2673,0.3138
-0.2232,-0.1659,0.8843,-0.461,-0.3889
-0.3547,-1.2671,0.2048,-0.4089,-0.7576
-0.2103,-0.3409,1.2675,-0.4749,-1.1004
-0.3099,-0.3197,-0.2776,-0.1427,-0.9845
0.8088,-0.5879,-0.083,-0.1103,-0.5447
0.9236,0.9562,0.6768,-0.7197,-0.712
0.5878,0.4684,0.739,-0.7437,-0.7296
0.5104,-0.1308,0.5453,0.0201,1.848
1.2329,-0.4497,0.1787,-0.6034,0.6431
0.5478,-0.2216,-0.169,-0.8134,1.0897
1.8442,-0.4562,-0.2728,-1.2388,1.1313
1.7693,-1.1559,-0.5696,-1.0296,-0.1844
0.2628,-1.2483,-0.6576,-0.9022,-0.2181
1.209,-0.7936,-1.1078,-0.2124,0.5361
1.3399,-0.3736,-1.6685,0.7133,0.1569
1.5028,-0.1221,-0.3153,-0.6098,0.2655
1.7144,0.251,-0.0082,0.846,0.5993
0.8536,1.5483,0.9902,-0.0862,0.1069
2.5439,0.8086,-0.1223,0.5241,0.5655
1.4047,0.9838,-0.2942,0.0401,0.6143
-0.2144,-0.0859,-1.8335,0.5225,0.5514
1.466,1.2449,-0.5449,-1.5513,-0.531
1.2035,1.3345,-0.5149,-1.9391,0.7725
1.061,0.6199,-0.4563,-2.5591,-0.4338
0.3084,0.3211,-1.6987,-0.1075,-0.256
-0.1512,1.4608,-1.4268,0.5425,0.2483
0.5042,0.7576,-1.5809,-0.753,1.8502
-0.4654,1.2949,-0.8156,-1.7343,1.6225
-1.1023,0.572,-0.3247,-1.4907,-0.6498
-0.3304,-0.5536,-0.9843,0.6274,0.9359
-1.1589,-0.0593,1.171,-0.9862,0.9037
-0.3811,0.743,1.262,-0.2783,0.6154
-0.5983,1.0221,1.2096,0.4819,0.604
-1.7809,0.2496,-0.1721,-0.2241,1.098
-0.4441,-0.7995,-0.8978,-1.8445,1.0549
-0.5099,1.5037,-1.0351,-2.586,0.2611
0.5914,-0.4003,0.1961,-0.507,-0.7741
0.9018,-0.4407,0.7836,-0.9124,2.2018
1.4567,-0.2112,0.8672,-0.9919,0.9779
0.1012,2.1742,0.9288,0.9796,0.7749
-0.0198,1.967,0.1782,-0.3061,0.754
-0.3589,1.0993,-2.5864,-0.0695,0.2716
-1.1682,-0.1749,-0.7892,-0.1276,0.4003
-0.0472,2.418,0.2503,-0.0461,-0.8514
-0.2287,1.2255,-0.0586,0.7856,-0.4771
-0.0445,0.8314,0.1402,0.9062,-0.0894
-0.2523,1.4777,-0.9754,0.7514,0.5976
0.7429,0.9728,-3.3202,-0.161,-0.6651
0.9497,0.9399,-1.9763,1.9997,0.6377
-0.3778,-0.1005,-1.9505,1.8173,0.0127
0.6165,0.0319,-0.435,1.1139,0.5826
0.5042,-0.6671,-0.7696,0.8929,1.3787
0.9238,-0.1349,0.1984,0.0617,0.7261
0.1455,-0.319,-0.3396,-0.0959,-0.8557
0.236,-0.2419,1.5943,1.5125,-0.0039
0.6402,0.631,0.5435,-0.2013,-0.6879
0.013,-0.2928,0.8183,0.0719,0.9642
0.1034,-0.6198,0.5515,0.1758,1.3235
0.3103,-0.0922,1.0328,-0.8678,0.4728
-1.5434,1.0268,0.2198,-1.9328,1.8861
0.543,0.3339,-1.0423,-2.0413,-0.1808
0.1174,1.1061,0.0735,-0.4264,0.5594
1.0331,0.9445,-1.9388,-0.241,1.1029
0.3929,0.8802,-2.3177,0.2859,1.0687
-1.3924,0.6234,-1.0977,-0.3659,1.278
-0.3916,0.3453,-0.4307,0.4746,0.6077
-1.2721,1.301,-0.3725,-0.2863,1.672
-1.2529,0.2787,-0.5554,0.0145,0.4106
0.4943,-0.8668,-0.4526,-1.2857,-0.6258
-0.7875,-0.9246,-0.5216,0.3506,-0.1709
0.8468,-1.3196,-0.7598,0.9706,-0.3003
1.0783,-1.1525,-1.6356,0.8422,-1.7892
-0.7542,-0.2502,-1.1577,-0.4863,0.5654
-1.7955,-1.3571,0.2563,-0.8753,-0.2504
-1.4216,-1.6961,-0.598,0.1482,1.3638
-1.1748,-1.8045,-1.3543,0.6747,0.5468
-0.5769,-0.4152,-0.6277,1.1756,0.3768
-1.8956,0.1876,-0.8716,0.5911,-0.2771
-1.6283,-0.879,-0.5719,-1.36,0.5902
-2.6691,-1.2801,-0.3431,0.6808,0.3282
-1.8438,0.1434,-1.5739,0.2236,0.044
1.41,0.6483,-0.6821,-0.5254,0.206
-0.2231,0.1173,-0.8837,0.0772,-1.2744
-0.6143,-1.4071,-2.1091,0.6636,1.0004
-0.0029,0.2492,-0.5025,0.7613,1.0309
-1.007,-0.1985,-1.0651,0.9881,-1.0067
0.6507,0.2753,-0.9065,0.3235,-0.4583
-0.2661,-0.0647,-0.8537,0.9055,-2.0999
-0.3054,-0.4531,-0.6962,-0.4574,0.7698
-0.249,-0.6176,0.6941,0.7931,-0.9924
-2.0703,0.6178,-0.462,0.7618,0.5747
-0.4499,-0.1412,0.2534,-0.7365,0.5459
-1.8974,1.2673,1.02,-1.1625,1.4784
-0.6977,0.5481,3.3519,0.363,0.516
0.6358,1.6618,1.1131,-1.0121,1.3032
0.6752,-0.0019,0.5143,0.0533,0.2916
-0.3737,-1.6168,0.6709,-0.5121,1.0513
0.1134,0.7696,0.7198,-0.979,1.0647
1.1785,0.4267,0.5338,0.7119,0.4081
0.3234,-1.6037,0.8108,0.1595,1.4534
-1.9468,-0.4356,0.8104,1.4428,0.6492
-1.0608,-0.372,-0.2063,-0.9473,-0.1073
-0.5211,1.9338,-0.3194,0.2986,-0.9387
-0.104,1.0559,0.7966,0.6648,-0.1535
-2.546,-0.0226,0.6421,-0.3867,0.911
-1.1937,0.3495,0.585,0.497,1.2235
-2.5066,1.1182,0.9266,-0.4827,1.7267
-1.8086,0.3061,0.3566,0.8706,0.191
-1.0573,-0.3641,-0.2018,-0.3153,0.3418
-0.8921,-0.3361,-1.527,0.3256,1.0143
-1.9049,0.717,-0.3762,0.5149,-0.671
-1.622,-0.1539,-0.079,0.7496,-0.4787
-1.6048,0.3194,0.4098,0.835,-0.9631
-0.7866,0.4503,-0.2468,-0.6052,1.0626
-1.0661,0.2866,1.4346,2.3337,0.5088
-0.5881,-0.0136,0.5037,-0.6098,-0.0299
-0.008,-0.0256,1.0913,-0.722,1.3142
1.1448,-0.7959,-0.7621,-0.1849,0.6096
2.4568,-1.6304,0.4862,-1.4258,0.6485
-0.0437,-0.1451,0.0391,-0.4668,0.844
-0.7877,0.2768,0.5406,-0.3866,-0.5668
-0.4,0.7638,0.163,-0.3184,-0.796
0.0357,-0.3444,-0.5229,-0.2533,-0.0829
-0.5904,-0.417,0.3657,-0.7546,-0.3481
-1.3876,-0.8787,-0.6158,-0.6005,1.8425
-1.0355,-0.6037,1.3588,0.264,2.0744
-1.642,-1.0073,-0.1027,0.0978,2.1306
-0.0249,-0.8723,-0.7846,-0.4511,1.2722
-0.03,-1.4537,-1.5153,0.8799,1.6497
-0.8637,-1.7618,-0.8698,0.8004,-0.3895
-0.6738,-1.2719,-1.7629,-0.5188,-0.5289
-0.9279,-1.6749,-2.766,-1.3666,-0.9907
0.1259,-0.581,1.3436,-1.5275,2.1572
-0.0474,0.242,-0.2146,-0.8745,2.0196
0.9253,0.6569,-1.2834,-0.5275,-0.1464
1.225,-0.3152,0.6754,0.083,2.1583
-0.0819,-0.8297,-0.2835,-0.7718,0.3024
-0.3711,0.0786,0.1642,1.7283,-1.3024
0.0337,-0.487,0.5468,1.8164,0.9374
-0.5059,-0.9636,-0.5943,2.4474,1.3761
1.4079,0.795,-0.643,0.0131,0.1957
1.2006,0.627,0.2518,1.0166,1.4291
0.5668,-1.5189,-0.2744,1.4971,1.41
1.2652,-0.6841,0.0535,-0.6026,-0.2272
1.8766,-0.4531,-0.0002,0.1237,1.7539
1.5407,-0.2306,-0.4596,0.5571,1.6535
1.5565,-0.5601,-0.472,0.9204,0.4752
1.1806,-0.8548,-0.3454,-0.1876,-0.2798
-0.6703,0.557,-1.4206,-0.5264,-0.0205
-1.0569,-0.4527,-0.6822,-1.0527,-3.1072
-0.9637,0.1987,0.9847,-0.5773,-1.6725
-0.6823,-1.3568,-0.1414,0.0837,-1.3017
-0.9253,-0.3891,0.7906,-0.0927,-0.7916
-2.0579,-0.5008,0.063,-1.1362,-0.9992
-2.0008,0.9668,0.9244,0.3142,-0.6184
-1.1096,1.0208,2.086,-0.6156,0.3417
-1.6477,0.5451,0.087,0.5281,1.102
-0.8412,-0.1402,0.3195,-0.075,1.3081
-1.4963,0.0778,0.6428,0.3177,-0.0126
-0.7138,-0.9437,0.034,0.826,0.0608
-0.6713,0.1011,-0.5133,0.1667,-0.1693
-1.0536,-1.3314,-0.6872,0.2501,0.0302
-0.4789,-0.6122,-0.8691,0.7544,-0.4833
1.1537,-0.8278,-0.595,1.0932,-2.8401
0.3738,-0.376,1.3084,1.0447,0.6014
0.3952,-0.8386,-0.1018,1.025,-0.0998
0.418,-0.7408,0.1266,-0.1618,-0.2779
-0.2087,-0.7588,-0.7923,0.114,1.0866
-1.3965,-1.6371,0.5789,0.6241,1.3185
-0.4564,0.5734,-0.2799,0.7194,-0.1817
-0.5854,-0.7256,-0.8143,0.8373,-1.3735
1.1645,-0.9877,-0.1928,0.0228,-0.5089
0.5034,-0.8772,0.0726,-1.8126,-0.513
-0.3362,-1.4065,-0.4041,-1.4317,0.3446
-0.071,-2.851,-1.3009,0.762,-0.1672
-0.4826,-1.8228,0.5936,-0.752,0.5516
-0.3146,-0.3354,0.3353,-1.7778,-0.7778
-1.0537,-0.6002,-1.5732,-1.1895,-0.3086
-2.0033,-1.6813,-0.6567,-1.3887,0.2224
0.2446,-0.9019,1.7262,0.3405,-2.1294
0.7335,-1.2317,1.2469,-2.5467,-1.6004
-0.1159,0.5012,1.8305,-0.0034,1.541
-0.8295,-1.1139,0.1436,-0.4992,0.8211
-1.2062,-0.9395,-0.0132,-0.0072,0.5048
-1.8956,-0.8309,0.5668,-0.9749,0.3536
-1.3496,-3.2749,-0.6986,1.0182,-0.3356
-0.8463,-1.328,0.9761,0.7724,-0.57
-0.677,-0.8766,1.3382,0.8207,1.5057
-0.1397,-1.4716,0.305,0.3997,-0.1846
0.1614,-1.9636,0.7557,0.9798,0.0277
-0.9149,-1.4573,0.9517,0.6575,0.6458
-0.1335,-1.3119,-0.2857,-0.234,-1.9768
0.0515,-1.2466,-1.0039,0.5788,-0.403
-0.3211,-0.458,-0.9929,2.729,-0.7227
0.6323,-0.2991,-1.144,1.4616,0.6903
-0.4898,-2.1718,-0.8711,2.3387,0.8626
-0.0735,-1.9148,0.8558,1.1242,0.7217
-0.2545,-1.1992,0.673,0.9209,-0.7242
-1.1393,-0.3936,0.9824,1.2402,-1.4219
-0.3008,-0.0371,0.1826,-0.2471,-1.057
-0.4062,-0.3709,-1.0002,0.3935,-1.3477
-0.8225,-0.1638,-0.0088,0.6358,-0.9625
-0.4628,0.5962,0.6472,0.8531,-1.001
-0.0541,0.8734,-1.1541,1.5945,0.4899
-0.7414,0.8607,0.0225,2.3839,-0.3345
-1.4095,0.3599,-0.5307,1.6589,0.111
-1.6437,-0.1167,0.984,0.5305,0.6925
-0.6062,0.8676,1.3992,1.1183,-0.1671
-0.8328,0.3657,-0.0219,0.8858,0.072
-1.0036,-1.3915,0.0063,-0.3742,-1.4853
-1.1337,-0.8629,2.2332,0.5117,-0.6045
-0.2147,-0.3117,1.2905,-0.486,-0.6455
-1.3528,0.5146,0.218,-0.7963,-0.6064
-1.9391,1.692,0.4114,-1.1178,0.6236
-0.3592,0.6445,1.2064,0.1839,-0.0009
0.3931,-0.2882,1.1017,-0.416,0.9139
0.5208,-0.2683,3.3842,-0.2951,-0.3812
1.084,0.2289,0.7357,-0.0257,-0.2322
0.3513,0.852,1.1425,0.3364,0.1146
0.0684,1.1731,0.0153,-0.0836,2.347
-0.8945,0.3595,1.1298,-0.0039,0.396
-0.0583,0.4792,-0.5624,1.367,-0.394
-0.927,0.0668,-0.5776,-0.1236,1.1823
-2.1972,-0.2135,1.1166,2.3498,-0.3836
-0.4777,-1.1913,1.0127,1.3051,1.0197
-0.942,-1.4512,1.59,1.6177,-0.5852
0.3631,-0.6084,1.7045,0.3078,-0.9118
1.0766,-0.6372,0.1642,1.7624,-0.4769
-0.1895,0.8887,0.8663,0.252,-1.2346
-0.1213,1.4352,1.5439,1.3326,-0.3575
-1.1914,0.6382,0.7883,3.2819,-0.5617
0.6574,0.2406,2.0129,1.0072,0.3461
0.5186,0.6762,1.2013,1.1968,-0.3239
-0.1069,0.9624,0.3608,1.2959,0.245
0.7097,0.7685,-0.2283,0.3201,0.2669
-0.1466,0.0144,-0.583,0.6213,-0.5548
1.9701,0.6127,1.3006,0.7849,-0.9746
1.0742,0.6582,0.6236,-0.1397,-0.5813
0.0176,-0.4379,0.1659,-0.8008,1.5849
-0.9284,-0.1917,0.7385,-0.6853,0.4585
0.7769,-1.3771,0.6079,1.8597,1.2474
-0.5664,-0.7882,0.8243,1.1871,1.0898
-1.0209,-0.5008,0.8415,-0.7905,-0.2519
0.1922,-1.4103,0.0517,-0.4996,0.3493
0.9787,-2.0786,1.1436,0.4156,0.7718
0.4721,-0.2914,0.6924,-0.4068,-2.3092
-0.3556,-0.2853,-0.5479,1.7897,-0.5332
0.3682,-1.0856,1.6878,1.3958,0.3398
0.5413,-1.134,0.7955,0.158,-1.326
0.7066,-1.3988,1.3504,0.8098,-2.5176
0.5663,-1.4855,-0.0323,0.0382,0.4803
-0.1668,-1.1794,0.0669,0.9646,-0.5299
1.3546,-2.3353,0.0921,0.8194,-1.9417
0.6247,-1.8135,-0.6877,1.932,0.6535
0.3136,-2.6435,-1.2583,0.2433,-0.3725
1.0173,-1.3173,-0.9432,1.5389,0.0587
1.6233,-1.5594,-0.0573,-0.3622,0.7887
0.852,-1.774,0.351,1.2685,-0.4666
-0.2148,-1.9579,1.3461,0.9478,1.0143
0.3666,-0.7694,0.4401,1.0236,0.6107
-0.089,-1.4033,0.9963,0.6194,-0.8345
-0.2763,-2.1712,1.1399,0.0677,-0.7366
-0.1082,-2.3835,1.0559,-0.2878,0.2003
0.6473,-1.1691,0.8952,0.4388,0.6849
0.1448,-1.719,1.5472,1.5982,-0.6284
0.3451,-1.2796,2.2926,0.1126,0.2487
0.3777,-1.4376,2.2153,-0.4859,-0.707
-0.3506,-1.2385,2.3357,0.3713,-1.1765
0.3393,-2.0878,1.2393,1.3031,0.5958
-0.0973,-1.5764,0.182,1.2313,-0.8289
1.4672,-0.804,0.1783,1.0651,-0.6539
0.8903,-0.8802,0.886,0.5836,0.0326
0.3484,1.0859,1.1679,0.4602,-0.7075
0.0363,0.4988,1.384,0.7879,0.0378
1.1271,-1.9573,0.6523,0.1104,0.6207
2.9876,-0.2935,0.4375,0.9858,0.4735
1.9797,0.991,0.6428,1.3401,-1.5966
1.3618,-0.1247,0.2472,0.0356,-0.1403
0.7329,0.3169,0.2585,0.2347,-0.8225
-2.0422,0.0564,0.6683,1.4011,-0.3102
-2.0744,-0.3566,0.296,0.7318,-1.6111
-1.6185,-0.6212,-0.7233,0.4304,-0.9289
-1.1496,0.616,-0.702,1.2929,0.7827
-0.8969,-0.1302,-0.4989,1.9775,0.4632
-0.6083,0.2822,-0.8425,2.8771,1.1413
-1.3926,0.627,-0.7257,1.6549,-0.0952
-0.0622,-0.3894,-0.0575,0.5152,0.565
-0.3429,0.4767,-0.8749,1.3423,0.7853
-1.4003,0.7911,-1.6678,0.7397,-0.0364
-1.0431,0.4431,-1.0479,0.2876,-0.4894
0.5038,-0.4989,-0.5333,1.5937,0.6288
-0.3569,-0.7921,0.6463,-1.2764,-0.8563
-0.7655,-0.0477,0.321,0.6191,1.1385
-1.5726,0.0788,-0.5056,0.8952,0.7553
-1.392,0.0154,0.2806,2.1601,-0.4724
-0.9842,0.4752,-2.4998,2.8104,-0.3673
-1.3337,-0.2748,-0.7309,2.2654,-0.6986
-1.2598,0.1784,-0.4717,1.7944,-0.999
-0.2266,-1.0785,-0.5839,1.5365,-0.2252
-1.0835,0.2111,0.2937,1.3089,-0.0667
-1.4123,-0.7009,0.1552,2.1418,-0.0164
-1.3062,-0.0893,-0.2275,1.6363,1.0871
-1.0223,-0.1867,-0.7354,1.1014,0.3009
-0.9998,-0.8923,-0.2923,1.8627,-0.8447
-1.9219,-1.4949,-0.6125,1.3286,-0.2189
-0.7893,-2.2932,-1.0734,-0.0955,1.0109
-1.3334,-3.2459,0.0857,0.4147,-1.6901
0.1341,-2.3497,0.8519,1.8645,1.6121
0.0216,-1.0387,-1.9495,0.224,0.9239
-0.2259,-0.3913,-1.0726,-0.2734,-1.866
-0.2868,-0.0316,-0.3972,-1.2541,-1.5691
-0.6563,1.2379,-0.636,-1.0788,-1.5697
0.6443,0.1757,0.6229,-1.359,-0.7835
-0.6443,0.076,0.516,0.4595,-2.1753
-0.7502,-0.8109,0.8375,0.5074,-1.5718
0.5763,0.3356,-0.4042,0.3163,0.034
-0.4716,2.4604,0.7762,0.9528,-2.1195
-0.2892,1.408,-0.4696,0.424,-0.9974
0.4624,0.7958,-0.3642,0.8565,-1.6198
-0.4839,-1.1519,0.9116,0.9596,-0.1501
-0.8919,-0.0552,1.6823,1.2304,0.3775
0.3368,1.5066,2.2659,2.1726,-1.1167
-1.4642,0.9502,1.0459,1.2539,-0.9698
-1.4462,0.5022,-0.1457,0.735,0.2041
0.2578,0.9194,-1.2407,-0.3607,-1.2659
0.3084,1.6562,1.9225,0.2894,-0.7194
0.1713,1.233,1.0197,1.7602,-1.0823
0.9231,1.5228,0.4914,0.6677,-0.6287
-0.4074,0.6154,0.6495,-1.1609,0.8808
0.6053,0.1347,0.3293,-0.003,0.2094
-0.7625,-0.23,0.4563,1.1663,0.539
0.2903,0.1353,-0.563,-0.0593,0.7872
0.1822,0.2255,-1.5781,1.2412,-0.0188
0.0849,0.264,-0.2736,0.2486,-0.7977
-0.566,-0.326,-1.0555,0.6304,-1.3594
-0.5137,-0.3501,-1.0052,0.1756,0.6962
0.8557,1.359,-0.537,-0.2029,1.0111
-0.4348,-0.5012,-1.4783,0.3136,0.0957
-1.6322,0.8884,-0.0539,-1.202,-0.0127
-1.2477,-0.6164,1.4155,-0.2063,-0.6196
-0.7428,0.3517,0.2024,0.9777,-1.2772
-1.2384,0.5471,-0.801,0.8611,2.1985
-1.9165,1.249,0.8042,0.3905,-0.3509
0.0533,0.6239,0.4233,1.8967,0.1653
0.0035,0.7424,0.6565,-0.0048,0.6143
-0.0449,0.1181,0.8937,-0.6089,0.1774
0.771,-0.7099,0.1812,0.0349,0.3437
-0.3527,0.4531,0.8392,-0.0318,0.8872
-0.2741,-0.0827,-0.7858,-0.0348,-0.2587
-0.5857,-0.4917,-0.6771,-0.9133,1.2305
-1.7372,-1.5155,0.3764,-0.6242,0.194
-1.2535,-0.1425,0.6879,-0.4795,1.2046
0.7776,0.4197,-0.1859,-0.3492,-0.6242
-1.5314,1.3021,-0.1013,0.3135,1.3316
-1.8569,3.1026,0.0421,1.3555,2.1096
-1.2157,0.3619,-1.6893,1.7813,2.4753
-2.5729,-1.0451,-0.7342,1.7135,0.8811
-2.8469,0.6628,0.1578,1.3567,-0.0027
-3.538,0.8306,0.0555,-0.3164,0.7235
-1.9716,-0.0093,0.6657,0.747,-0.1207
-1.166,0.4869,-0.9651,0.9285,0.6344
-1.8201,-0.6676,-1.0345,0.4907,0.9644
-2.9660,-0.3585,-0.153,0.3808,-0.5179